002784,Jonas,ASW0000ar2,9,0.84216764364347207,2.5265029309304166,4.2108382182173605,5.8951735055043049,7.5795087927912492,9.2638440800781936,10.948179367365137,12.632514654652082,14.316849941939026,4.442269852107148,3.2180697819493371,2.6087622481335466,2.2849956457390466,1.9072469780986114,1.4941721736247739,1.1974398807733273,0.79903180256902018,0.38607499906613174,3.052491087824535,1.6308883092219366,1.3390375745145446,1.1908028114918816,1.0359972543001637,0.93299954550065312,0.82660196740398095,0.72832096837922722,0.61721808159522218,1.5028348395990245,1.315320076414523,1.1944311292537149,1.0901804134607331,0.94497830951579087,0.84323473719627584,0.72806428562940895,0.62697855446221296,0.52228824825553188
002787,Jonas,ASW0000bl0,9,2.6360381730923321,7.9081145192769968,13.180190865461661,18.452267211646326,23.724343557830991,28.996419904015656,34.268496250200322,39.540572596384983,44.812648942569652,3.8730170735683926,3.0320323554516757,2.4671235441316468,2.2616184320168982,1.8320444729839567,1.5866413338695369,1.1478062585277786,0.80633793851578806,0.38512335843913842,2.2271274279581665,1.4639774067202653,1.2337625004234571,1.1265487498555486,0.98380746416765541,0.91517150636989109,0.80703529009847008,0.71621929404004059,0.60644951573011752,1.3236527617458356,1.2486603179528339,1.1310095592513962,1.0473157020348414,0.90841224864206505,0.82121868061874859,0.70330514357294571,0.60998191763198972,0.51092970565950313
002792,Jonas,ASW0000bsh,9,2.4494572174259388,7.348371652277816,12.247286087129693,17.146200521981569,22.045114956833448,26.944029391685326,31.842943826537201,36.741858261389083,41.640772696240958,3.7927529150280166,2.9741553225234107,2.4802568524234316,2.1242672926055972,1.8583031010233921,1.5492721068180269,1.165672467545541,0.7987689641922775,0.38784380286671261,2.6059805394211888,1.4859890633034152,1.2423956090336328,1.0914287577979112,0.95644674962942844,0.89235276519417694,0.79396363108774026,0.70558741155573179,0.60050776406838657,1.2999124178473676,1.1993254908175262,1.1259693041236924,1.0353827064405803,0.91549028453348091,0.82392618486585423,0.71257431196066168,0.61561517433625579,0.51146034467173151
002794,Jonas,ASW0000e28,9,1.3635892123363207,4.0907676370089625,6.8179460616816039,9.5451244863542453,12.272302911026886,14.999481335699528,17.726659760372169,20.453838185044809,23.181016609717453,3.5790293912768179,2.9233421326076829,2.4918792375365646,2.1927321536938984,1.8341207623292826,1.5760988913515372,1.141882417883421,0.78295773676822056,0.37336268238574882,2.3127491677593994,1.4167861300233706,1.2200012751629292,1.1119891613296047,0.97830272453803269,0.90479098858595663,0.79933619314848892,0.70036191958666405,0.59023338056377872,1.276991826070567,1.1909815869428508,1.1133651355101497,1.0258228962836822,0.89824045945257347,0.81253504229242612,0.69973722521826787,0.60820388452322816,0.50481084556861522
002798,Jonas,ASW0000h2m,9,1.2876734562768637,3.8630203688305911,6.438367281384318,9.0137141939380463,11.589061106491773,14.164408019045501,16.739754931599229,19.315101844152956,21.890448756706682,4.0833864659292605,3.0057445756763532,2.5329437388811105,2.1151147226974101,1.8865412892157325,1.5349829089630012,1.1798368642013342,0.78323967447970178,0.36835726880791886,2.6369178802363029,1.5618143338292962,1.2723029996533064,1.1052605247878675,0.96402061750854739,0.89501424255436268,0.79854144459553478,0.70121141007665222,0.59324853629164165,1.3699816557240243,1.2310084790217388,1.1383862095378541,1.0504408148240136,0.93608692529744697,0.84057654385863623,0.72777108171215799,0.63056099592353487,0.52598384455274516
002782,Jonas,ASW0000kad,11,2.1893926039886016,6.5681778119658043,10.946963019943007,15.32574822792021,19.704533435897414,24.083318643874616,28.462103851851818,32.840889059829024,37.219674267806226,41.598459475783429,45.977244683760631,3.790700364588695,3.2650668303465595,2.8691732595638846,2.5391149321710604,2.251020345643743,2.0299663514510629,1.5992482447230818,1.3853132743791023,1.0340139000767012,0.69293499929755675,0.30977460390984829,2.232608244792039,1.5718393486786952,1.3989208905106429,1.2747402886577774,1.134042167162757,1.0661853719597811,0.96562258313248017,0.89245627280748874,0.80606036670203163,0.69682530552228517,0.61137958094877709,1.4155885771802712,1.3258021045237181,1.2621357935218984,1.1729163576665105,1.068571751713046,0.99897479111559806,0.89968479444513094,0.82043393861013014,0.7295641225296422,0.6255693880921902,0.54326218489031064
002801,Jonas,ASW0000r8n,9,0.96916055429428016,2.9074816628828404,4.8458027714714014,6.784123880059961,8.7224449886485225,10.660766097237081,12.599087205825642,14.537408314414202,16.475729423002765,3.9733505057728191,2.9168058594505415,2.4249189226561505,2.2066052983389119,1.8452655683606651,1.4861114489999294,1.1711816803565482,0.78036991090096808,0.37374430397375302,2.2684535365677427,1.4626062800843447,1.2170581931278599,1.0873674585093622,0.95334857578373999,0.87495322829854616,0.77926396959058342,0.68978481644131773,0.58413115646003388,1.319133769550028,1.2135178788470895,1.110812523777126,1.0491168863027776,0.91530923477733239,0.82044659090526817,0.70977386097468409,0.61155100596915823,0.5087612385070861
002860,Jonas,ASW0000r8n,9,0.97900000000000043,2.9370000000000012,4.8950000000000022,6.8530000000000033,8.8110000000000035,10.769000000000004,12.727000000000006,14.685000000000006,16.643000000000008,3.9210465569525232,2.9936994851033334,2.4809924464779267,2.1206343150147284,1.8433410191409614,1.5608981995636126,1.1585510403206138,0.80244097569405626,0.38155200887087276,2.5131469606007153,1.4782998621220136,1.2352496087670697,1.0899819124339158,0.95041610712395086,0.88143063268542909,0.78670386499690403,0.69474689077243579,0.58650684114689922,1.3236189538891228,1.2152308979969595,1.1325508815026086,1.0394965370188052,0.9215607594827484,0.83207143526683713,0.72394193592202183,0.63010556768557402,0.52499865867916984
002870,Jonas,ASW0000vqg,7,2.6273298832760839,7.8819896498282516,13.136649416380418,18.391309182932588,23.645968949484754,28.90062871603692,34.155288482589086,3.6411994205750866,2.7391175917077719,2.365926058653304,2.0369952474825852,1.5604047823780633,1.0124953378413686,0.50312328943511919,1.8843746963304961,1.3086360667667132,1.1692975054353798,1.0693728118981951,0.89827035703269453,0.77808575360017662,0.62056628436040073,1.3350231794339105,1.1258840051121799,1.0257655852325853,0.94138507643690439,0.79437026260085153,0.67810983752208287,0.53730287997714166
002872,Jonas,ASW0000w54,9,1.0544152692369317,3.163245807710795,5.272076346184658,7.380906884658522,9.4897374231323859,11.598567961606248,13.707398500080112,15.816229038553976,17.925059577027838,3.7554966600296673,2.9355905184534858,2.506064903107236,2.1786809558092983,1.836814548259178,1.5843506765722413,1.1513563903373134,0.81353130086836423,0.38958068237750726,2.1529286434051262,1.4217428852128793,1.2382532098288914,1.1166344541554474,0.97912970789529807,0.9129353903594154,0.80699499223658733,0.70890314628644846,0.60226917123170076,1.3036562674081189,1.209165057253532,1.1207783669159972,1.0211347433769102,0.89729245345971764,0.8202657830999921,0.70622510258225557,0.61221837810492874,0.51083478938032612
002891,Jonas,ASW000102p,9,1.2764598309386836,3.8293794928160509,6.3822991546934187,8.9352188165707851,11.488138478448153,14.04105814032552,16.593977802202886,19.146897464080254,21.699817125957622,4.1548390791047636,3.2864137282635224,2.6749261149897654,2.2661121292413009,1.9096111523921713,1.5677447268432894,1.1775715739150985,0.79340398290584002,0.3888308983257151,2.4045629507058122,1.5892374123554658,1.3500801786928087,1.18615593810583,1.0204769337017294,0.93326128767000482,0.8185651787695164,0.71598605458473807,0.6023682953145435,1.4891210861336841,1.341186395122548,1.2179003319072821,1.1105042360078548,0.97104610418551696,0.87337479558033237,0.75681216685617159,0.65625626725853337,0.54745596036528832
002895,Jonas,ASW00013ml,9,2.6505419313793093,7.9516257941379278,13.252709656896545,18.553793519655166,23.854877382413783,29.155961245172403,34.457045107931023,39.75812897068964,45.059212833448257,3.8186481424998444,2.9229012001593246,2.4660831853470904,2.1620472849046215,1.8495783041680431,1.5095862574602295,1.1744156946369486,0.77115966075622344,0.37386529901369331,2.3858191094390477,1.4356594699969503,1.2383509536668034,1.082414312723851,0.95610970117835348,0.87933085309417569,0.78493721730006216,0.69382058970098914,0.58555313690656707,1.2938625421623313,1.1835353115480505,1.1135260428326432,1.0376376707376396,0.91692645287756225,0.8217253466890353,0.70991611664710397,0.60926852485355609,0.50708064640310657
002904,Jonas,ASW000195x,11,1.9165422197280162,5.7496266591840488,9.5827110986400807,13.415795538096113,17.248879977552146,21.081964417008177,24.91504885646421,28.74813329592024,32.581217735376278,36.414302174832308,40.247386614288338,4.5966648278581443,3.5476641659489356,2.9672938901469066,2.5426960024092162,2.2318240253551327,1.9342196699378706,1.6146478556320878,1.3275061758389906,1.0380165420966283,0.68961002931968585,0.30558093317134027,3.0039966755256264,1.8258756135115841,1.5362099361252552,1.3306363333462214,1.1549639004791341,1.0664935516439586,0.96480127969256291,0.88180061598394499,0.79881584900915659,0.69127123531463386,0.60416508513748191,1.5585471158801938,1.4316586332724874,1.3126122291173714,1.2111872122113869,1.0935019082097941,1.0095566556007953,0.90582733543527882,0.81712031234213578,0.73153136247117578,0.62035024227325308,0.53969227003275921
002964,Jonas,ASW00019rw,11,0.72029868027090116,2.1608960408127036,3.6014934013545057,5.0420907618963078,6.4826881224381108,7.9232854829799129,9.363882843521715,10.804480204063518,12.245077564605319,13.685674925147122,15.126272285688925,3.1220315886624035,2.7540980331752611,2.5953346998566809,2.3792765452506153,2.2988278703319671,2.1742000078076003,1.9103853272065678,1.5240144729371956,1.1616992512686712,0.71284460245601933,0.32000037606315362,1.7085301667941015,1.2707708675042013,1.1944584419732358,1.1186782128570782,1.0542777788192994,1.0206351203498967,0.96524770468422771,0.90107064771578771,0.82715385644526351,0.71852695755780782,0.62985978748779825,1.198843577108746,1.1472865271197761,1.1152653338575413,1.0739904664418352,1.033020482575884,1.0019209175798549,0.94407663728922819,0.87328428060076269,0.78697435007288785,0.66802052560025504,0.57941140946344183
002972,Jonas,ASW0001a2m,9,1.1162317411720584,3.3486952235161751,5.5811587058602923,7.813622188204409,10.046085670548525,12.278549152892642,14.511012635236758,16.743476117580876,18.975939599924992,4.2140828441108802,3.1695375215574986,2.5857249151790103,2.1306235046036868,1.8181532905016458,1.5517688604721163,1.1603566499910987,0.77997024645496071,0.36361173783012285,2.7521497908354986,1.6347921182057257,1.33767152170023,1.1352008682402697,0.96314491449460571,0.89814813032790874,0.79674420027080939,0.70544191923969679,0.5930911695431198,1.4034604307008982,1.2649604535892589,1.1633768669377342,1.057470743459487,0.934770933636621,0.83511588675682247,0.71681391546856033,0.61919656191251682,0.51321994470187871
003851,Jonas,ASW0001a8c,9,0.97900000000000043,2.9370000000000012,4.8950000000000022,6.8530000000000033,8.8110000000000035,10.769000000000004,12.727000000000006,14.685000000000006,16.643000000000008,3.9993073470147613,2.7684085986242271,2.5310516063020287,2.0769012466069747,1.9497697674996108,1.4656018921212945,1.2079490368028809,0.77471950324063765,0.37158127739059693,2.7693180120786574,1.4006548922121362,1.2272025772957842,1.0598045577317339,0.96210815450531395,0.88303722956518482,0.79288116929008867,0.69902008720914677,0.59486943419669402,1.3117273828955744,1.169864773934413,1.1109000759855503,1.0251896897252557,0.92322210081720124,0.82252557846897845,0.71675934863570034,0.61856762359374129,0.51689743048293257
002980,Jonas,ASW0001a8c,9,1.081340843582635,3.2440225307479054,5.406704217913175,7.5693859050784456,9.7320675922437161,11.894749279408986,14.057430966574255,16.220112653739527,18.382794340904798,3.8233857152021136,2.8386452075766635,2.432003827350496,2.0814034763040397,1.8735096236556841,1.4310346486403276,1.1735403119157861,0.7516218585596024,0.36381270199888022,2.2975629963666067,1.3980761497690786,1.1946290938192066,1.0482569127504215,0.95050810937257524,0.87299008645379705,0.78688880334087474,0.69142959772231538,0.58987877450577886,1.3172612934842174,1.1643174639759135,1.0906391315791868,1.0196557766299621,0.9032764596435876,0.79912181287112427,0.69252884889834287,0.59760450956885902,0.49872327347288886
002996,Jonas,ASW0001d74,9,2.1560238519088868,6.4680715557266604,10.780119259544433,15.092166963362207,19.404214667179978,23.716262370997754,28.028310074815526,32.340357778633297,36.652405482451073,4.441104543414097,3.2077708928916371,2.5918243333906683,2.1633224000067401,1.7881929264762972,1.5167114393480652,1.1416385815654368,0.77426621815751417,0.37761931650148173,3.6450854490796045,1.692872595665075,1.3601563659555647,1.1492579919603247,0.96998161364929347,0.89885040369530855,0.79727083915066188,0.70588925883855824,0.60016948620177069,1.4004250805178078,1.3081190273556231,1.1836870473093191,1.0800461537128885,0.93569800905111977,0.83611697242200789,0.71589082371560442,0.61652032976615345,0.50955980126442424
003004,Jonas,ASW0001gae,9,1.8831440996376301,5.6494322989128909,9.4157204981881506,13.182008697463411,16.948296896738672,20.714585096013931,24.480873295289193,28.247161494564452,32.013449693839711,3.9348853203769028,2.9175768303405443,2.4958583014157161,2.0930775815327674,1.8353742420634689,1.488941236078726,1.1566719156463927,0.77095466491310394,0.36761282900139264,2.6277955227308172,1.4352150693348449,1.2339289440886489,1.0732147795159797,0.947867458654997,0.87309018190769327,0.77751963840923455,0.69194233351909795,0.58474401916260932,1.3273734219541975,1.1961729603151394,1.1109749876571686,1.029460260391903,0.90428020266002451,0.8131725568001219,0.70602987512029203,0.6089890566831857,0.50638893746597713
003034,Jonas,ASW0001gve,9,0.9025934023689739,2.7077802071069215,4.5129670118448697,6.3181538165828171,8.1233406213207644,9.9285274260587126,11.733714230796661,13.538901035534609,15.344087840272556,3.554208424984254,2.7441322531552959,2.44481205053324,2.2837823159352491,1.9727478499825839,1.5022770467867221,1.2525132046178606,0.80876976949289259,0.38692939490150191,2.1294834463938845,1.3151059452142386,1.1626691674766387,1.0803998071716729,0.97501875326066101,0.89277112501533928,0.80672316311843317,0.71118893557650287,0.60299997908349567,1.2858092932906924,1.1537336857959712,1.0874605348130846,1.0385633652551378,0.93795458170553725,0.83489078563518282,0.7272406219644757,0.62906582396034483,0.52514909326380288
003204,Jonas,ASW0001hpf,11,0.6247163324261662,1.8741489972784984,3.1235816621308308,4.3730143269831627,5.6224469918354956,6.8718796566878275,8.1213123215401595,9.3707449863924914,10.620177651244825,11.869610316097157,13.119042980949489,3.2836312420960256,2.7741508606881089,2.5259299733430858,2.4167865728246203,2.2008693439955027,1.9721861460423242,1.8514823552077879,1.5045686999485905,1.1626770904912656,0.75914126611906285,0.35348506341910574,1.7406538667298932,1.3037558133160889,1.1795477587095415,1.1218447668186937,1.0341169620802826,0.97781595713155411,0.92849223710110251,0.87158293361560812,0.80124955215988214,0.69747183631696541,0.61594804699700312,1.2532226684552192,1.1554642226483975,1.1085214240949961,1.0725239243841387,1.0121838875712716,0.9650212578021512,0.90750309267727891,0.83820352088493932,0.75669306171104478,0.64868718214378274,0.56681178416242706
003211,Jonas,ASW0001sym,9,1.6056793858052718,4.8170381574158156,8.0283969290263588,11.239755700636902,14.451114472247445,17.662473243857988,20.873832015468533,24.085190787079078,27.29654955868962,3.6249242294388244,2.8198401752506861,2.4913833672553674,2.0812710700935404,1.893038135416,1.5232648259415091,1.1907793600476559,0.77764184500078615,0.37646495318160977,2.1408353299310954,1.367028746566503,1.1869249546996508,1.0511218909522944,0.95159131270457298,0.87832585391346607,0.78259876791663718,0.69237759745799854,0.58110954074270615,1.2476389634139233,1.1624662425910277,1.1043746409667616,1.0152131335435466,0.90965036274717914,0.82056176275189996,0.7132212949458242,0.6179000311036188,0.51266358146888513
003243,Jonas,ASW00023pg,9,0.9025934023689739,2.7077802071069215,4.5129670118448697,6.3181538165828171,8.1233406213207644,9.9285274260587126,11.733714230796661,13.538901035534609,15.344087840272556,3.4472417561755995,2.6725093617590825,2.3965622756914131,2.1979309307194503,1.9766759656126764,1.4887176926489933,1.2646457267255429,0.81428607728918234,0.39285878010578917,2.0586007354279268,1.2763734309742119,1.1315278381265192,1.0465865471429976,0.95989513050392006,0.88182957037435505,0.79770113675145882,0.70796657587536804,0.59905132511677173,1.2474149474757643,1.1171287877000169,1.0561543353006517,1.0138612491616943,0.92484840788127554,0.82946386368361069,0.72497823762260905,0.62961209420708664,0.52806310354241848
003250,Jonas,ASW0002b6m,9,0.96420317879583683,2.8926095363875106,4.8210158939791841,6.7494222515708575,8.6778286091625318,10.606234966754204,12.534641324345879,14.463047681937553,16.391454039529226,4.4493544550994883,3.4316544972969458,2.8545653711252239,2.3795253898322497,2.0017856398008949,1.6350636528868727,1.2114111497561244,0.81207188410650843,0.40246309026756638,2.724561182571076,1.7088824022752673,1.4589402271911336,1.2700785276074962,1.0983815063462716,0.99708412502099886,0.87020560872709574,0.7668320542624848,0.64944745177354668,1.5177763353588887,1.3634742002451115,1.2586620118775369,1.1394009637398093,0.99122554193253476,0.89805183624035445,0.77780325780981396,0.66927527695704225,0.55441552201293987
003262,Jonas,ASW0002jo0,9,1.2726999999999982,3.8180999999999945,6.3634999999999904,8.9088999999999867,11.454299999999984,13.999699999999979,16.545099999999977,19.090499999999974,21.635899999999967,3.6724473006075855,3.015010763126047,2.5531298153868613,2.1666628508956167,1.9123236498946219,1.5573756604512434,1.1712067469461283,0.79032816948398366,0.38242465144113669,1.9970069549233211,1.4290980638048407,1.240774940687335,1.1039349587961638,0.97579852140149737,0.89339985160100277,0.78884378582594161,0.69268477338038559,0.58503481778001842,1.3260734136144725,1.2325640868102485,1.1459681993953059,1.0563691002932791,0.93969426330919181,0.85293238698654927,0.74093993550917681,0.64304130770330381,0.53641590714351806
003270,Jonas,ASW0002z6f,9,2.1737327641639816,6.5211982924919454,10.86866382081991,15.216129349147874,19.563594877475836,23.911060405803799,28.258525934131765,32.605991462459727,36.953456990787693,3.9595289669306712,2.8889321176370468,2.5248924017008525,2.0676515843584453,1.8693478589810253,1.4768716272980549,1.1697354213417652,0.75613123958586748,0.37360748670242866,2.5156467317825464,1.4285378633195867,1.2276066597241382,1.0712883525943637,0.94996043236338246,0.87525855190690494,0.78367925973079255,0.69745387338115961,0.58848694175692251,1.3247267150858679,1.1800837084414058,1.1167939369286104,1.0232221700211122,0.9128127448950516,0.8187118578416015,0.71006909833355847,0.61886620747856191,0.51428366111025514
003350,Jonas,ASW00031ve,9,1.6056793858052718,4.8170381574158156,8.0283969290263588,11.239755700636902,14.451114472247445,17.662473243857988,20.873832015468533,24.085190787079078,27.29654955868962,4.4185927360652784,3.19898031950044,2.5998735617761755,2.1468624928342597,1.8108962832067133,1.5395777345200401,1.1324366888111639,0.77663367684494033,0.36774735545889148,2.8277457630275484,1.6262692789843249,1.3474991836072512,1.1427373704055932,0.96858170951665545,0.89440624293772208,0.79325295778103189,0.69914416450511219,0.5923734337582951,1.4322799843812202,1.2892032705740566,1.1842102123759313,1.0780081649682027,0.94097467406375956,0.84565493127865288,0.72328122736888678,0.6281944486244273,0.52112418626782919
003353,Jonas,ASW0003ctp,9,1.8805975885340207,5.6417927656020623,9.4029879426701033,13.164183119738144,16.925378296806187,20.686573473874226,24.447768650942269,28.208963828010312,31.970159005078351,3.8019903101661869,2.9581542612340961,2.4928840281682905,2.1238347881154875,1.8291780947941909,1.5076416627260556,1.1479947279108071,0.76882574412410831,0.37340337258028283,2.5452105912922072,1.4703104200484676,1.2374170056177836,1.0894432265563534,0.95051597398291032,0.87546275928451123,0.77543403510115383,0.68432706402667487,0.57839956606298826,1.3461408274032765,1.217615218588558,1.1259232330148659,1.0325039585454032,0.91456705209682954,0.82137233992102687,0.70661017767089251,0.60829554654118334,0.50951938649786788
003378,Jonas,ASW0004nfh,9,2.3900435895606491,7.1701307686819478,11.950217947803246,16.730305126924545,21.510392306045844,26.290479485167143,31.070566664288442,35.850653843409738,40.630741022531041,3.7541403564280968,2.8832762293506997,2.56106881697248,2.1281341651881345,1.9338766162334982,1.5136402117993932,1.1952084134650711,0.79076133537372073,0.37460543055782219,2.3649485627562394,1.4115020684696191,1.2467322954287781,1.0876256051148541,0.97348688060497601,0.89217646320303778,0.80046080889494342,0.70994339176340371,0.60092372295717433,1.3038407121401543,1.1674159459971654,1.1209840788826577,1.03860399077966,0.93422198222436514,0.83779379377117236,0.72725886673302331,0.62909695056815551,0.52349708976102083
003380,Jonas,ASW0004oux,9,1.8051868047379478,5.4155604142138429,9.0259340236897394,12.636307633165634,16.246681242641529,19.857054852117425,23.467428461593322,27.077802071069218,30.688175680545111,3.8687093594648241,2.9021443936295839,2.4252109931115791,2.2372221872422231,1.8295353343425993,1.517327991619223,1.1790901215075822,0.78048055603572086,0.36467044412487232,2.5894166274316035,1.4026802858071377,1.1968036410425424,1.091402891890372,0.95479431669504988,0.87827362048733926,0.78914088786932379,0.69548667711081547,0.58370736232225728,1.3404494287684556,1.2015697681780948,1.1122975709301728,1.0418645971949652,0.91685959081044555,0.82641403524612544,0.70891213124436769,0.61413890902516144,0.50992380729310605
003388,Jonas,ASW00054e9,9,0.92876094879145232,2.7862828463743567,4.6438047439572614,6.5013266415401656,8.3588485391230698,10.216370436705976,12.07389233428888,13.931414231871784,15.788936129454688,4.2925215692919769,2.8045449984269819,2.5918297605250977,2.3749034389022659,1.930933651143399,1.4955968174276784,1.2249165650441232,0.79275300294202866,0.37587067254617013,2.2736460294658105,1.3649011013853549,1.2401946905966841,1.1687029319088114,1.0229824410918147,0.92103503956417565,0.82430304098949925,0.72745452309736924,0.61750570399530558,1.5266292143255282,1.1924379901566604,1.115408344684697,1.045622056928647,0.92834085963206625,0.83296862650190817,0.72895583170512546,0.62838127842460179,0.52035154570053943
002903,psaha,ASW0000vqg,11,1.0713796712650441,3.214139013795132,5.3568983563252202,7.4996576988553088,9.6424170413853965,11.785176383915484,13.927935726445572,16.07069506897566,18.213454411505747,20.356213754035839,22.498973096565926,4.4853679211727311,3.4136551719649399,2.8968435843507514,2.5014109992142823,2.2326873794726141,1.9320410380101503,1.6081667251119691,1.3464159922774059,1.0447850995792398,0.69637177925204696,0.30927184856730205,3.0277161007093856,1.7156836360551941,1.4555950315015695,1.2941480644492069,1.136785896136131,1.061073481077214,0.9585978211728623,0.88340047336474758,0.80000511803278729,0.69044376961640697,0.60335065891720419,1.4928588008851764,1.383299551199406,1.2897006525334842,1.1945852550782583,1.0763873355733091,0.99569281033073598,0.89122948842910898,0.81187543771222237,0.72289920179596323,0.61503490649741988,0.53295386534194467
002903,psaha,ASW0000vqg,11,1.0713796712650441,3.214139013795132,5.3568983563252202,7.4996576988553088,9.6424170413853965,11.785176383915484,13.927935726445572,16.07069506897566,18.213454411505747,20.356213754035839,22.498973096565926,4.4853679211727311,3.4136551719649399,2.8968435843507514,2.5014109992142823,2.2326873794726141,1.9320410380101503,1.6081667251119691,1.3464159922774059,1.0447850995792398,0.69637177925204696,0.30927184856730205,3.0277161007093856,1.7156836360551941,1.4555950315015695,1.2941480644492069,1.136785896136131,1.061073481077214,0.9585978211728623,0.88340047336474758,0.80000511803278729,0.69044376961640697,0.60335065891720419,1.4928588008851764,1.383299551199406,1.2897006525334842,1.1945852550782583,1.0763873355733091,0.99569281033073598,0.89122948842910898,0.81187543771222237,0.72289920179596323,0.61503490649741988,0.53295386534194467
003150,psaha,ASW0001hpf,9,0.99838802076146538,2.9951640622843962,4.9919401038073268,6.9887161453302573,8.9854921868531878,10.982268228376119,12.979044269899049,14.97582031142198,16.972596352944912,3.2442215564484935,2.7750651717385231,2.3247106422715023,2.1431341378337976,1.8353769576975074,1.484545968378896,1.1773646929444166,0.77739020761635413,0.38550487221394508,1.6641229015554977,1.2943083717947497,1.1223361759923289,1.0367644665051421,0.93378710515864793,0.85633980220546557,0.76517425491231839,0.67538672015388557,0.57082130608448289,1.2243473480183733,1.1495861048088516,1.0625905390430874,0.9944932674333915,0.88415758431423275,0.80058543540669436,0.70153547777276648,0.60936076373365333,0.50952478844402349
003347,psaha,ASW0001hpf,9,0.83645796666658601,2.5093738999997579,4.1822898333329306,5.8552057666661019,7.5281216999992742,9.2010376333324455,10.873953566665618,12.54686949999879,14.219785433331962,3.8741583252477563,2.9255907567757689,2.4401668242244403,2.1897473606555069,1.8232981130460295,1.499893612069529,1.1775162179769549,0.78371680569154833,0.38565403397304476,2.4575760452579014,1.4281576371458053,1.2156291990347388,1.0878214529733967,0.94876269768048049,0.87864118142656999,0.780466292918087,0.69068999249861673,0.58314015153582344,1.3146073866525443,1.2066827803783664,1.1145010392733588,1.0398087781949354,0.91497234876216138,0.81753856525422197,0.70828952696738612,0.61156196317991318,0.51020991273366723
003301,psaha,ASW0001hpf,9,0.87564421998891673,2.6269326599667502,4.3782210999445832,6.1295095399224166,7.8807979799002501,9.6320864198780836,11.383374859855918,13.13466329983375,14.885951739811585,3.8191861010692909,2.9466874529486158,2.4337446882082894,2.1572837012865569,1.8324217515821277,1.5207988794042835,1.1733348323104742,0.77972659383800014,0.38439946796110469,2.8664851523680093,1.4657296158338597,1.2123662811760416,1.08007685597452,0.94665792785372149,0.87635156478287635,0.78504510391613591,0.69339476565944502,0.58831162855092711,1.3306699659202805,1.2201727438489978,1.1181260641819601,1.0354611228611244,0.91299710929151556,0.82185503107607005,0.7125287073132035,0.6177431598742722,0.51267261073522863
003170,Budgieye,ASW0003ctp,9,1.8289229316731714,5.4867687950195148,9.1446146583658585,12.802460521712201,16.460306385058544,20.118152248404886,23.775998111751232,27.433843975097574,31.091689838443916,4.2360092824255089,2.9768778954474486,2.5219564836436885,2.1714050519138177,1.8591836204256753,1.5102449072289088,1.1895735954994839,0.78298952591451698,0.37655640775312516,2.8756661735122617,1.5474307727527015,1.2704373472524764,1.1140082859510347,0.96540135289862516,0.8916672807848921,0.79564468198923688,0.70260448739128722,0.59782495513177181,1.38899131811802,1.2308240359070801,1.1362521925574547,1.0513827131831304,0.92721358947690435,0.83124584760090281,0.7222757554164102,0.624646869684096,0.51974767421693624
003186,ElisabethB,ASW0003ctp,13,0.8866633834525659,2.6599901503576979,4.4333169172628297,6.206643684167962,7.9799704510730933,9.7532972179782256,11.526623984883358,13.29995075178849,15.073277518693621,16.846604285598755,18.619931052503887,20.393257819409015,22.166584586314148,6.4750972534663838,4.5766159007960754,3.6629045070248014,3.162141501987247,2.6666251164429942,2.2143906811447671,1.9937221333329094,1.7122191435701224,1.461788176210685,1.1734262955918893,0.89035478101241616,0.56920227939690937,0.27248086709882785,4.3785103754310892,2.4266048134337561,1.9734237760681204,1.7163003028212642,1.4522817547911131,1.3062914050292578,1.1660978515492655,1.0620030029728136,0.96777172170519643,0.86879883727331653,0.7955082544838572,0.70687374305400252,0.62685431576640316,2.0699304622126422,1.7787488350264968,1.6225375871450058,1.5004283807084642,1.3313907879181874,1.224893740974331,1.1211077879514804,1.0407517754820297,0.95167021100794535,0.83847135601990652,0.75891837716940258,0.66570852765897515,0.58673250604986127
003405,ElisabethB,ASW00054e9,13,0.42935273248098604,1.2880581974429581,2.14676366240493,3.0054691273669021,3.8641745923288742,4.7228800572908467,5.5815855222528183,6.4402909872147909,7.2989964521767625,8.1577019171387342,9.0164073821007076,9.8751128470626792,10.733818312024651,6.440355524018913,4.7567778763958959,3.8500634234842854,3.2397860536639222,2.7267302307743502,2.3681846728784581,1.9559758150013655,1.7028708620609512,1.4268189041868589,1.1665724243599493,0.8509070194589784,0.57227978839819904,0.26894986474660332,4.6002548004873454,2.6012098441347922,2.0881243010604171,1.8001702240547397,1.4984166237647067,1.3608225866258561,1.2016601280834058,1.0944086250795086,0.99281819068649702,0.88576794227008326,0.80478683882321467,0.71334731169889265,0.63188431300029058,2.0501998181788399,1.8285043026954935,1.6711924523683839,1.5316643183339185,1.3671030064047078,1.2680117589789004,1.1501861304974843,1.0555204629112283,0.95674779403000576,0.84281919052845722,0.75974460046918879,0.66789945995386502,0.58714687837585477
003408,Capella05,ASW0004oux,13,1.0683186811267733,3.2049560433803199,5.3415934056338665,7.4782307678874131,9.6148681301409606,11.751505492394507,13.888142854648054,16.0247802169016,18.161417579155149,20.298054941408694,22.434692303662242,24.571329665915787,26.707967028169335,4.480241652409017,3.4997532881004703,3.0509827434229795,2.8384009572245215,2.4961024333646571,2.1298610830035174,1.9970283403886175,1.6877721367552714,1.4987039856559929,1.1732109543253557,0.89734619202193067,0.56429313834112393,0.27088007643152512,2.6107042996822636,1.7395611353822458,1.5073961940898095,1.3843511127036778,1.2440391370532724,1.1411333141332742,1.0576645883391691,0.98152090054795416,0.91604339716053651,0.82993039994850182,0.76201933493732454,0.6794942911431251,0.6040779028023584,1.5611676446337246,1.4223664617644187,1.3343585461926375,1.2692968514456384,1.1742411595761308,1.1021612601093063,1.0307627848947809,0.96101791256461011,0.88553576252016075,0.78965752863434679,0.71837286288220581,0.63194246111013908,0.55900308768712037
003450,Capella05,ASW0000bsh,9,2.5529196618773673,7.6587589856321019,12.764598309386837,17.87043763314157,22.976276956896307,28.082116280651039,33.187955604405772,38.293794928160509,43.399634251915245,3.8394703698543329,2.9257221493893324,2.3868280827726505,2.1832500402077502,1.8258817319568657,1.5024208169645887,1.1796929728984453,0.76887839266759062,0.37324021955459719,2.4455670952141877,1.4614965251004559,1.1998594026503111,1.0763575332451865,0.94599846160312195,0.87629553195321341,0.7829183485311727,0.69160611944000439,0.58258069485111497,1.3109929778688147,1.2042577730030792,1.0997412377504947,1.0297592651017284,0.90280510301494354,0.80837592733952657,0.70401041907225259,0.60648454259974216,0.50264625571844335
003451,Capella05,ASW0000bsh,9,2.4475000000000011,7.3425000000000029,12.237500000000004,17.132500000000007,22.027500000000007,26.92250000000001,31.817500000000013,36.712500000000013,41.607500000000016,4.1057339992610267,2.9829163505422143,2.4107755173370018,2.1952693536105654,1.8212042889522448,1.4832249461362019,1.1846855466599568,0.78114195564825528,0.37062876335493755,2.7099611064453848,1.4803388625788045,1.2155420356765181,1.0973964876950517,0.95095887171879012,0.87727046018606991,0.78847556914985484,0.69337987577136451,0.58917757319120967,1.3399637585214839,1.2152487192755799,1.1210830086121202,1.0392705782231002,0.9179205054030547,0.82038795619895866,0.71308657873436398,0.6129728846107938,0.50741690265700123
003454,Capella05,ASW0001a8c,9,0.98388282330773635,2.9516484699232093,4.9194141165386815,6.8871797631541547,8.854945409769627,10.822711056385101,12.790476703000573,14.758242349616046,16.72600799623152,4.0953127771746676,3.0040793787726923,2.5014977717577538,2.1245133611205547,1.816210077326943,1.5022073484455867,1.144383262690631,0.77633496923282008,0.37557268651660147,2.6534687819264851,1.5185267811728924,1.2581548936134415,1.0920106960387987,0.94950114862353019,0.87886595960758673,0.77615590663247414,0.68880062788371677,0.58255400789138712,1.3731889255056171,1.2194227281405989,1.1403757107974029,1.0456276627854422,0.91456883412059664,0.81987641716030468,0.70880860061804407,0.61134617647952783,0.50459412396899306
003469,Capella05,ASW0000h2m,9,1.3740919801818194,4.1222759405454585,6.870459900909097,9.6186438612727354,12.366827821636376,15.115011782000014,17.863195742363654,20.611379702727291,23.359563663090931,3.8915921653696079,2.8221223330395611,2.5448043331579471,2.1043311891949537,1.9111164126753648,1.488236456303353,1.1814298776829941,0.77361088477984574,0.37000767406147034,2.2955881484856699,1.3672421350444657,1.2097577837174871,1.0765737560692272,0.95983811491164395,0.88171610212671137,0.78649359913319916,0.69278046549680172,0.58205675789500499,1.3488235128634916,1.1756952074967437,1.1211840066746748,1.0281008829055034,0.92868697358104524,0.82213408685446399,0.71285512239169324,0.61626496360826377,0.51161280998191561
003510,Capella05,ASW0000r8n,9,1.0079421908026296,3.0238265724078892,5.0397109540131479,7.055595335618408,9.0714797172236672,11.087364098828926,13.103248480434186,15.119132862039445,17.135017243644704,3.4147093437288691,2.7041463592396728,2.4774927107681717,2.1520510547579752,1.9966706248772546,1.5504390029069062,1.2471967349637412,0.79572145112284698,0.38152839942286104,1.9976023065079558,1.3040393628939071,1.1619858658705675,1.052996293838095,0.96339913341288141,0.89288127590448763,0.80742502623906176,0.71510660455521302,0.60711955031429166,1.2203846393918723,1.120175855513263,1.0803568689067429,1.0171120478459736,0.93400112625341503,0.838440387196145,0.72801978876991791,0.63243595833924637,0.52710422076933661
003530,Capella05,ASW0000w54,9,1.2266834840332734,3.6800504520998203,6.1334174201663672,8.586784388232914,11.040151356299461,13.493518324366008,15.946885292432555,18.400252260499101,20.853619228565648,3.7966193598737208,3.0595689022228973,2.5162162097037246,2.1705567095745066,1.8518840609266105,1.593979193578196,1.1407926690272725,0.79090845992823089,0.37995066366057195,2.5934152272317892,1.5321210603695172,1.2684081418259048,1.1286961909190942,0.99077971411645926,0.91337511131735205,0.80379097284631895,0.70673019530653103,0.60122744310675202,1.3158204060786372,1.2372112959645452,1.1485884929248589,1.0394172067472958,0.90636810257726741,0.82995993968314485,0.72026416424408646,0.62501758239781746,0.52138086728625199
003537,Capella05,ASW0001d74,9,2.2538272560247314,6.7614817680741952,11.269136280123657,15.776790792173122,20.284445304222583,24.792099816272049,29.299754328321512,33.807408840370975,38.315063352420438,4.0094555123390485,2.9260408418160346,2.4402474742005413,2.1784879484619091,1.8469442658958446,1.4668795833400994,1.1850117740816668,0.77551606836195131,0.37802806966023705,2.4829667860580282,1.4664620804415176,1.2243575712400359,1.0867398055391517,0.95553907790091464,0.87956980782640626,0.78744426392078792,0.69528808436209,0.58382359751482837,1.3211774679179376,1.1949501947477512,1.1079922355231866,1.0403903857119494,0.91774045230612034,0.81892525561352625,0.71153084042481585,0.61305722723055711,0.51257800440181278
003542,Capella05,ASW0002jo0,9,1.2266834840332734,3.6800504520998203,6.1334174201663672,8.586784388232914,11.040151356299461,13.493518324366008,15.946885292432555,18.400252260499101,20.853619228565648,4.3205842818215325,3.3071257087505073,2.681682536379145,2.2312865971799094,1.8917870366466032,1.61705495153178,1.1614750763532038,0.79423059349682334,0.38390704342664156,2.8751452061831562,1.6639794420407354,1.390231443302514,1.2044977373387422,1.0230305954054806,0.9445977364565038,0.83199400414521052,0.73681218655104908,0.62110899161227984,1.4274135293855235,1.3259193998133121,1.2138447669092927,1.0971971127617577,0.95500021732806661,0.86369227530209913,0.74325314219555227,0.64046643762201816,0.53377809903075624
003560,Capella05,ASW00013ml,9,2.5529196618773673,7.6587589856321019,12.764598309386837,17.87043763314157,22.976276956896307,28.082116280651039,33.187955604405772,38.293794928160509,43.399634251915245,3.5697284538878544,2.7685016678568868,2.5504513984094022,2.0643022572074341,1.9294282547195614,1.5339840345959777,1.1903392489789424,0.78015113483374043,0.38521913369764771,2.0962961160934679,1.3335129487285327,1.2046560487877527,1.0547929588258957,0.95598994520458758,0.88759450119742522,0.79531270417435673,0.70146335217553835,0.58988441852722662,1.2417251957028188,1.1488083282452766,1.1063831594936557,1.0204716683002408,0.92178656201528142,0.82410021535334843,0.71578039947505212,0.61928344646964706,0.51868373320256622
003596,Capella05,ASW000195x,9,2.7219017120388531,8.1657051361165607,13.609508560194266,19.053311984271975,24.497115408349678,29.940918832427386,35.384722256505093,40.8285256805828,46.272329104660507,4.1350628101171507,2.9721284953743567,2.5407904267042185,2.2454149691199383,1.8859476299584679,1.4768663752032252,1.1906031692165797,0.76888047899705236,0.38150995458637837,2.6862337507115299,1.5180862034397524,1.2848047616236276,1.1453508915781021,1.0167577449382321,0.91938319194053719,0.81697789185311109,0.72253067571437335,0.61096582193786209,1.3645045027006342,1.2213314795484602,1.1323595234609727,1.0495794327853238,0.9140343778104798,0.82485806449066812,0.71563526911926789,0.61916744650115796,0.51649266040267805
003604,Capella05,ASW00031ve,9,1.6900160295097788,5.0700480885293366,8.4500801475488938,11.830112206568451,15.21014426558801,18.590176324607569,21.970208383627124,25.350240442646683,28.730272501666239,3.9035413114868827,2.9326749938096501,2.4683638925966327,2.2473839532858064,1.9011381231993028,1.4639352813969946,1.2074002341950467,0.76995835858601469,0.37356851993939161,2.3502073085052149,1.4865104334785018,1.228080507898095,1.0996350423213861,0.97259160454208782,0.88003066771185201,0.79319592657283444,0.70502527515687907,0.59607705671325184,1.3233965460846844,1.2087799714727365,1.1187143080332378,1.0568192582102394,0.93628667858880332,0.83235273261951892,0.72611930753364429,0.62396026945454153,0.51748009097959702
003642,Capella05,ASW0003ctp,9,1.7347924198589266,5.2043772595767805,8.6739620992946342,12.143546939012486,15.61313177873034,19.082716618448195,22.552301458166045,26.021886297883899,29.491471137601753,4.4112852604824884,3.0315237344991566,2.5322770241391157,2.2130380245614432,1.8914995129802747,1.4879812621068365,1.1918044564597381,0.78977483209686927,0.38132480740305486,3.2251649620934177,1.5739391294945657,1.292888502114002,1.1305360754602067,0.97500169524777924,0.89302268112592953,0.79863762683275541,0.70525101292794412,0.59629728626559442,1.4009399649115284,1.2411597182029175,1.1592018668192245,1.0697602783502123,0.94960537624103847,0.84344564835782587,0.72990567224643188,0.62612140068070343,0.52031483268897405
003649,Capella05,ASW0003ctp,9,1.672915933333172,5.0187477999995158,8.3645796666658612,11.710411533332204,15.056243399998548,18.402075266664891,21.747907133331235,25.09373899999758,28.439570866663924,4.4590377940569423,3.137660598030052,2.5732040049900831,2.185596326243195,1.8318855133667704,1.4262568067394856,1.1558967382709036,0.7590251287327574,0.36370160260835599,3.0312060535320837,1.6102492904563119,1.3296032400903892,1.1434733141936091,0.97064944000254183,0.88489977266716457,0.78618541133408881,0.69523658729507587,0.58347834004340082,1.4668793709349202,1.2590179449565673,1.1711033778394955,1.0776059667062703,0.94501237173259811,0.83598696356223978,0.72280466757415063,0.61949915791700572,0.51412039281116972
003782,Capella05,ASW000102p,9,1.3134663299833751,3.9403989899501251,6.5673316499168752,9.194264309883625,11.821196969850375,14.448129629817124,17.075062289783876,19.701994949750624,22.328927609717375,2.7272806442589905,2.4544230749554514,2.3081272777289019,2.2653440252100703,2.0409981545368621,1.5830922503384575,1.2431550242719802,0.81448309460853652,0.37623470432044664,1.3755066664414735,1.1045822949822599,1.0456441755764658,1.0208976113708139,0.95906129908700988,0.88654225260312758,0.7956491711924254,0.70612426452329224,0.59774402302486473,1.0903358080710042,1.0207145567409097,0.99595356627064713,0.97223907428182033,0.91463293087472775,0.83250806680477973,0.73041316286998048,0.63177986909435713,0.52532082345045328
003783,Capella05,ASW000102p,9,1.2764598309386836,3.8293794928160509,6.3822991546934187,8.9352188165707851,11.488138478448153,14.04105814032552,16.593977802202886,19.146897464080254,21.699817125957622,4.0194306551319059,3.1246277958505941,2.5967655414019353,2.1630358262394971,1.8625836240717237,1.6149709196442563,1.1459288861310577,0.78396579424821067,0.36531130339484419,2.6110084118924934,1.5717762740766243,1.2973163984411571,1.1379237658141479,0.99100190809346733,0.91853581341362822,0.80908238255805132,0.71349319576167969,0.60249811917148111,1.3696341010797255,1.2589636613524975,1.17091053210359,1.0609033969252346,0.92298970066504837,0.83428388815556342,0.72096317641284424,0.620858231716793,0.51845807908996056
003802,Capella05,ASW0001gve,9,0.92876094879145232,2.7862828463743567,4.6438047439572614,6.5013266415401656,8.3588485391230698,10.216370436705976,12.07389233428888,13.931414231871784,15.788936129454688,3.5814054294679636,2.905213008243452,2.4435014455667754,2.2076534567233854,1.8649732796971314,1.5009875262889212,1.1831906242052128,0.79049579409373816,0.38353272146820427,2.1474142464694772,1.3773614956519853,1.1996777941450125,1.0812881112805506,0.95233542760322831,0.88211374926492059,0.78639375042771398,0.6939501066314937,0.58676195753771854,1.2745165588619651,1.1765388812470856,1.1050927660022323,1.0358800471662888,0.92165934465825761,0.82395035415601747,0.71658170843527547,0.62457826343070644,0.52330454478964639
003932,Capella05,ASW00023pg,9,0.99838802076146538,2.9951640622843962,4.9919401038073268,6.9887161453302573,8.9854921868531878,10.982268228376119,12.979044269899049,14.97582031142198,16.972596352944912,3.3866629501899927,2.6173280409752544,2.4008072344096312,2.1841430711756451,1.9924650972196267,1.4774542191089792,1.254567032705066,0.7879126459940855,0.38388305349896007,2.0391271911240501,1.24024092369227,1.118778202087674,1.0352909162824129,0.95792561362111228,0.87786176469227495,0.79618402810726063,0.70371807948206822,0.59464256215347411,1.2304869131276122,1.1002992982558422,1.0581185135492637,1.0066217768415573,0.92724507438979153,0.82704285987229387,0.72614047701865037,0.63117137899901055,0.52540105002595738
003417,ElisabethB,ASW0004oux,13,0.98789554103660271,2.9636866231098078,4.9394777051830134,6.9152687872562186,8.8910598693294247,10.866850951402629,12.842642033475835,14.818433115549039,16.794224197622245,18.77001527969545,20.745806361768658,22.721597443841862,24.697388525915066,5.5542582444211535,3.9247224503969087,3.287930681143366,2.8563276938729767,2.502601048109129,2.2388522005549243,1.9358201237332879,1.7213976790179395,1.4864323361771492,1.1962993088582026,0.86358218842051371,0.58964164790636897,0.27950542336188067,4.4930968051396656,2.0154031659267275,1.7058387886926401,1.5060002051792558,1.3016886497331812,1.2016088746845051,1.084896244713498,1.0038879309653101,0.93045629900306437,0.84064213347104366,0.77111003857740146,0.68776886828761818,0.61168009587632721,1.7527655861068168,1.5880925358612821,1.457567151169346,1.3507540268609386,1.2214715209488474,1.149496098543739,1.0586207002988595,0.98625499168833453,0.90552936484999624,0.80457878603118327,0.72583412504672817,0.63952052562429285,0.5659544636372037
003419,ElisabethB,ASW0004oux,13,1.1130582035295569,3.3391746105886706,5.5652910176477848,7.7914074247068985,10.017523831766011,12.243640238825126,14.469756645884241,16.695873052943355,18.921989460002468,21.148105867061581,23.374222274120694,25.60033868117981,27.826455088238923,4.2583871666998849,3.3461831155139397,2.9103235489184471,2.6796728172254678,2.4032617862370387,2.1230244956125208,2.0009556208511472,1.754889150871995,1.5976957011023838,1.1888885998973797,0.89696452250223835,0.59508594163179818,0.2814362234416784,2.5166530908652804,1.6372098827939501,1.4310516723417173,1.3167634939354471,1.1807475324755183,1.0997415319666513,1.0255746701531196,0.96554658805110549,0.91237003395573912,0.82525954223361775,0.75952267766905301,0.67864164993631926,0.6041405133205664,1.5132504096159438,1.3590551562412312,1.2802999268169557,1.2182178148055227,1.1307050755210359,1.0711620796023518,1.009645780457912,0.9466467188424923,0.88706961082984281,0.79111957810656564,0.71913243143387795,0.63696823601869368,0.56199430863180655
003440,ElisabethB,ASW0001d74,13,1.1975333333333362,3.5926000000000089,5.9876666666666809,8.3827333333333538,10.777800000000026,13.172866666666698,15.567933333333372,17.963000000000044,20.358066666666716,22.753133333333388,25.14820000000006,27.543266666666735,29.938333333333407,5.2414176876276883,3.9332419442449238,3.3108202957227855,2.9118462149735431,2.549488857546748,2.1986095573541009,2.0152787714862206,1.758826970757525,1.554186764121007,1.2174370117234032,0.91117875323862318,0.61900611254578675,0.28955544440960107,3.582186281729864,2.0247545700867837,1.6987421372960962,1.5154801579477812,1.3184979455693153,1.2057406147809209,1.0983276181780115,1.0194896785539931,0.94730896650314089,0.85817451975101433,0.79029503679860025,0.70573231587884144,0.62823428116714441,1.7683233860618848,1.5693355175196984,1.4540706485695098,1.3476645180838662,1.2261902862295504,1.1499116183021807,1.0715028481776099,1.0007408015383121,0.92542511689460416,0.82451067007476209,0.74892195461148037,0.65972292420882883,0.58225643493031798
003673,ElisabethB,ASW0002b6m,9,1.0079421908026296,3.0238265724078892,5.0397109540131479,7.055595335618408,9.0714797172236672,11.087364098828926,13.103248480434186,15.119132862039445,17.135017243644704,4.1197910814909653,3.1701372266956604,2.5552250504922633,2.2005131128238542,1.8176780976076938,1.5194359373796678,1.1451603057845523,0.76484610380920104,0.37404777547231011,2.8270568034889481,1.6263986596328885,1.3353275800927882,1.1394654408350675,0.96643423891513869,0.89281916738307399,0.78902926170584764,0.69929177370714013,0.58977845115364091,1.4445167724733987,1.2828694670240457,1.1667752105484579,1.0747352815530571,0.93990562943749256,0.83962628866474565,0.7197850332534429,0.6207316067951888,0.51695633816040265
003495,c_cld,ASW0001hpf,9,0.92358675282834002,2.7707602584850202,4.6179337641417,6.4651072697983807,8.3122807754550614,10.15945428111174,12.006627786768421,13.853801292425102,15.700974798081781,3.2961270991862479,2.6790116655736158,2.4226891774899224,2.1242748775354574,1.9676238070033356,1.5914083466092726,1.2432582824145899,0.80623342890572147,0.38874204089241637,1.8500618075558113,1.2716030101227906,1.1305550649362093,1.0281531283567069,0.95079119932561562,0.89196983526129947,0.80668171197047767,0.71972344486340312,0.60569181634554203,1.2021977171857268,1.1098528519171622,1.0637370391026468,1.0042214430755951,0.91861449072645196,0.82876302639121968,0.7286995740161063,0.63374101791873549,0.52901271825860496
003579,psaha,ASW0000h2m,9,1.3061489118779637,3.9184467356338915,6.5307445593898192,9.1430423831457457,11.755340206901673,14.367638030657602,16.979935854413529,19.592233678169457,22.204531501925384,4.1624572709328564,3.0305075075398702,2.5165817877217287,2.2015325098497658,1.8683767569891299,1.4375372042074568,1.1966373384815003,0.77082865928004141,0.36394820923305621,2.7203258159781045,1.5031147230231292,1.2546869737180715,1.1143868282562257,0.96789182676920538,0.88056985820302192,0.79630624896108226,0.70543061534000784,0.59399745566519035,1.3561086776014051,1.2279884098337317,1.1364171942192172,1.0539084694131367,0.93278583162102691,0.82620393409151782,0.71821836982878828,0.61974167389565971,0.51673765149747541
003661,ElisabethB,ASW0002b6m,9,1.0544152692369317,3.163245807710795,5.272076346184658,7.380906884658522,9.4897374231323859,11.598567961606248,13.707398500080112,15.816229038553976,17.925059577027838,3.8096329844425507,2.8981355009373475,2.4904907432756067,2.1554747514026356,1.887111053822335,1.5627040849700631,1.1780903318545297,0.78017270991008059,0.37709187589150628,2.4079724676575411,1.4332196724750288,1.2316733292124744,1.0858629922449745,0.96040934323013427,0.89010806374360296,0.78940108855338931,0.69750308210757539,0.59101993514214024,1.3245469141270023,1.1904627249778075,1.1142580423099262,1.0380175537834575,0.92674575931732428,0.8362378145833278,0.72580546187604389,0.62703429119363496,0.52118233365741973
003681,ElisabethB,ASW0004nfh,9,2.3577442185275213,7.0732326555825633,11.788721092637607,16.504209529692648,21.219697966747692,25.935186403802732,30.650674840857775,35.366163277912818,40.081651714967862,3.738850621041125,2.7999054964673871,2.4530645946877661,2.0597498030773842,1.8706188014956193,1.4608185578650839,1.1550071057303033,0.77248135107114602,0.37000006093942522,2.5701156478944935,1.3771006465957856,1.1928324131155625,1.0414147203087418,0.940735742679499,0.86652889980384551,0.77480602691556855,0.69165886397957854,0.58658759987751319,1.2628363482125666,1.1466292457858662,1.0923638008645764,1.0117611480249462,0.89981257291734107,0.80231095572908784,0.69533496968984909,0.60221253336935876,0.50266167997650035
003692,ElisabethB,ASW0000vqg,9,1.4553881303624789,4.3661643910874366,7.276940651812394,10.187716912537352,13.098493173262311,16.009269433987267,18.920045694712226,21.830821955437184,24.741598216162142,4.4268917854223995,3.1942202923704972,2.6358000609880108,2.1574252037909187,1.8466540403955101,1.5224659023566434,1.1496407360914593,0.77932034322316224,0.37568708130017003,2.9395911094910172,1.6315968753714321,1.3518313669573465,1.1658342657603371,0.99877187357811215,0.91089198969909535,0.80715104345828148,0.70792202854509922,0.59934584726473272,1.453400920726506,1.2853935528629956,1.1857382833787546,1.0743294373699723,0.93953256540966379,0.84137362410899297,0.71898167053143935,0.62053187015731981,0.51713320527352513
003706,ElisabethB,ASW0002z6f,9,2.0087400553580896,6.0262201660742694,10.043700276790448,14.061180387506628,18.078660498222806,22.096140608938988,26.113620719655167,30.131100830371345,34.148580941087523,4.3399206261329004,3.0111113674778851,2.6204448954049022,2.1233063220140735,1.899397039447736,1.5025358467812187,1.1600140928212814,0.75332893767234299,0.35973816964064287,3.2379159779246307,1.5816888209218503,1.3232249524541797,1.1313224128462847,0.97719356702689453,0.89605805333883881,0.80051707733021071,0.70398974588173624,0.59573713823200813,1.4257434094821715,1.2546177703572745,1.1665970872513578,1.0632002539181014,0.95039796068176452,0.84112416391814893,0.7264221109211122,0.62725543996794297,0.52085262427899093
003834,ElisabethB,ASW0000kad,9,3.0158920885867211,9.0476762657601633,15.079460442933607,21.111244620107048,27.143028797280493,33.174812974453936,39.206597151627378,45.23838132880082,51.270165505974262,3.6956249205629352,2.8881330699073691,2.421482798515898,2.1634438956675206,1.8374765146347507,1.5307192333005062,1.1570605023608995,0.76686471591662797,0.37430277376923288,2.4125404854170167,1.3915152654274376,1.1921803706731251,1.0751501063115503,0.95113320425540615,0.8791443523750091,0.78112348842239787,0.69085078134161859,0.58557098569974808,1.2963298477045584,1.1833395084295482,1.0935072238893997,1.0158905878123365,0.8957563417513178,0.81092088347480973,0.70248283989706617,0.60818405017626798,0.50444434364666124
003714,ElisabethB,ASW0002z6f,9,1.9823239139958941,5.9469717419876824,9.9116195699794698,13.876267397971258,17.840915225963045,21.805563053954835,25.770210881946621,29.734858709938411,33.699506537930198,3.9566526982576491,2.996438889466511,2.4608658699885746,2.2192920511514731,1.8567084987274582,1.4599162803816144,1.1953311345273256,0.77314518136677557,0.37642401829776706,2.5234715435079491,1.503057243938615,1.2526948371053459,1.1099738182386116,0.96149779456643358,0.88084044125357719,0.79401906661431088,0.70105935788065166,0.58783303832995237,1.3726570685933002,1.22065232126589,1.1258036869779326,1.0567450899520221,0.93108584027975227,0.82859177994573674,0.71864339421598122,0.62423947870526164,0.51835758108912744
003733,ElisabethB,ASW0002z6f,9,2.0813825501334504,6.2441476504003504,10.406912750667251,14.569677850934152,18.732442951201051,22.895208051467954,27.057973151734853,31.220738252001755,35.383503352268654,3.7832585130819187,2.6858404927927633,2.4177644668881699,2.1435124704174751,1.8775889967783936,1.5209052895591781,1.1811529899512463,0.79164955809428927,0.36989858128703851,2.1746394436792822,1.2966089563103795,1.1440122031974813,1.0397456782095402,0.94370089719970607,0.87244676467930893,0.78140570185884473,0.69465727197549076,0.58394103155721722,1.2686425603178519,1.1330916146685064,1.071979656192279,1.0135591936264592,0.90396539243545826,0.81508554288751234,0.7107886380986036,0.61279831352632552,0.51279977272768829
003874,ElisabethB,ASW0000r8n,9,1.0221060072223456,3.0663180216670365,5.1105300361117276,7.1547420505564192,9.198954065001109,11.243166079445801,13.287378093890492,15.331590108335183,17.375802122779874,3.8425812969586395,2.8066704031511462,2.579026276579973,2.0481715850821147,1.9198895701566236,1.5653243187877104,1.1735699217489683,0.78916990793944708,0.38741050898043528,2.4948741870380844,1.402091837671283,1.2338610110972847,1.0686239292063648,0.95784624033936461,0.89361926724736662,0.80033069345607466,0.70284736484413712,0.59777551410457552,1.2802083876034973,1.1711359668540737,1.1239853013150396,1.0239473074757113,0.92650228129117429,0.83362998213527562,0.72608900140159061,0.62998346200443711,0.52418774304249738
003889,ElisabethB,ASW0004oux,9,2.01826020373985,6.0547806112195497,10.09130101869925,14.127821426178949,18.16434183365865,22.200862241138349,26.237382648618048,30.273903056097748,34.31042346357745,3.7458505679732466,2.7392985715980007,2.4650445015953624,2.1185858360512619,1.9229786816947794,1.53719603189941,1.2085939748041958,0.80024048299452666,0.39290096928242491,2.3269466508739485,1.3539767713940056,1.1688743700718729,1.0531004321929842,0.95301186203804367,0.88339721300423479,0.79520387242497692,0.70546705621104722,0.60091315735105744,1.2929862192848682,1.1574211359690825,1.0975894783834981,1.0174216681322903,0.91338461961832729,0.82488862068449909,0.71799939445179917,0.61968477348770756,0.51923684023154537
003895,ElisabethB,ASW0004nfh,9,2.2000288748105086,6.6000866244315253,11.000144374052542,15.400202123673559,19.800259873294575,24.200317622915591,28.600375372536611,33.000433122157624,37.400490871778644,4.0994647038983656,3.0887569546389888,2.5087308551155103,2.1387165145830966,1.8318286814993268,1.5307041484857447,1.1476555626237617,0.77538797577740737,0.37067407182858519,2.7077003458767566,1.570782409036606,1.272005564046478,1.1097656372504727,0.95714504037628778,0.88778951088563596,0.78957967723735156,0.69387693237046766,0.59000579469147463,1.3771950364899315,1.2583876545526103,1.1567340337509684,1.0542345242562687,0.92781996321946469,0.83356831525993758,0.71589576030520063,0.61638172973890537,0.51458685422807726
003897,ElisabethB,ASW0003ctp,9,1.9506436809422625,5.851931042826787,9.753218404711312,13.654505766595838,17.55579312848036,21.457080490364888,25.358367852249412,29.259655214133936,33.160942576018464,3.6655565336563249,2.716472882834633,2.4831089398623392,2.1274295244434156,1.9590688428722391,1.526915908869908,1.2200176596558365,0.8057700345729204,0.39592039322719125,2.2975050760108831,1.3177541948100164,1.1770068493952648,1.0566759362635612,0.96003486734339194,0.88522617848660801,0.79957747354115993,0.70681375976952687,0.59851341462251595,1.2803153370822487,1.14324863952343,1.0955250400019825,1.0209366726593598,0.92692224092789732,0.83142093879446888,0.7247206525618175,0.62955700183853069,0.523384779006701
003916,ElisabethB,ASW00031ve,9,1.7097499963444973,5.1292499890334913,8.5487499817224855,11.968249974411481,15.387749967100476,18.80724995978947,22.226749952478464,25.646249945167458,29.065749937856452,3.6189847303829823,2.7754361563505414,2.538638406712308,2.0858563983402525,1.9324801381257606,1.530058551977288,1.1841530788543291,0.77741677990080282,0.38041119062569467,2.1908962985954523,1.3606411308778041,1.2048395435779926,1.060182371718293,0.95626258980780243,0.8898644522365976,0.79619156173061756,0.69874955562466179,0.59608716646288418,1.2693431930287746,1.1574422182835136,1.1058195627817429,1.0228882621491704,0.92687717527231805,0.82968893842101987,0.71922086345227942,0.62122489282728066,0.51809294053088395
003925,ElisabethB,ASW00031ve,9,1.7320278086682146,5.1960834260046438,8.6601390433410721,12.124194660677501,15.58825027801393,19.052305895350358,22.516361512686789,25.980417130023216,29.444472747359647,4.183116675519587,3.0222304909766042,2.4474219403919721,2.2138950569739322,1.8380380551620219,1.4810634126076003,1.164114578049751,0.77199427456335912,0.37356877454412174,2.5821117033353436,1.5271505097041915,1.2557733461498704,1.1117976350477827,0.96083583126817029,0.88208882616123463,0.78748465782015453,0.69592046334004942,0.59241886567645186,1.3668097940775581,1.2249564261062644,1.1187556701187364,1.0552493271836543,0.92707111608288995,0.82333092128445595,0.70829681538276079,0.6097533810196577,0.50741158972221878
003926,ElisabethB,ASW0002z6f,9,2.01826020373985,6.0547806112195497,10.09130101869925,14.127821426178949,18.16434183365865,22.200862241138349,26.237382648618048,30.273903056097748,34.31042346357745,3.959696657056504,3.0047388094848899,2.5670209461865512,2.1531299418152239,1.8572896749925805,1.617395135362218,1.1612604759062639,0.81856605675711003,0.3935628020380918,2.3842382103268709,1.4630412217808466,1.2716073110648554,1.1033754530683635,0.96296085596392045,0.90079744769801107,0.79736644760285513,0.70569280260261769,0.60222845273268977,1.3807092612913174,1.2146844090755144,1.1412300540285967,1.0575112625542906,0.9319308650659881,0.84550805402105766,0.72923018398388073,0.6332203149320621,0.52715266076021483
003943,ElisabethB,ASW0002z6f,9,2.1737327641639816,6.5211982924919454,10.86866382081991,15.216129349147874,19.563594877475836,23.911060405803799,28.258525934131765,32.605991462459727,36.953456990787693,3.889473467811861,3.0685048265087356,2.5035606446162162,2.1511988630183532,1.8325765995226604,1.60123606551937,1.1517752173505578,0.80342019674213749,0.38199232858663756,2.2571697875715366,1.5249875232695194,1.258446373955376,1.1007000939222273,0.95687910670405429,0.89702784283494563,0.7940134817785468,0.70961778949414378,0.59875838056768649,1.3436901696827948,1.2285037776930365,1.1412956432798431,1.0546158493135096,0.92328707104849173,0.83759073751716873,0.72177416950860152,0.62404386992166738,0.51975765087976278
